"IT107","Territory","T_D8","Data type","PRAF","Including or not including imputed","RDPR","Households main income source","TIME","Select time","Value","Flag Codes","Flags"
"ITC1","Piemonte","REDD_MEDIANO_FAM","annual median households income","1","including imputed rents","9","total","2018","2018",31634,,
"ITC2","Valle d'Aosta / Vallée d'Aoste","REDD_MEDIANO_FAM","annual median households income","1","including imputed rents","9","total","2018","2018",30374,,
"ITC3","Liguria","REDD_MEDIANO_FAM","annual median households income","1","including imputed rents","9","total","2018","2018",30025,,
"ITC4","Lombardia","REDD_MEDIANO_FAM","annual median households income","1","including imputed rents","9","total","2018","2018",34297,,
"ITD1","Provincia Autonoma Bolzano / Bozen","REDD_MEDIANO_FAM","annual median households income","1","including imputed rents","9","total","2018","2018",37740,,
"ITD2","Provincia Autonoma Trento","REDD_MEDIANO_FAM","annual median households income","1","including imputed rents","9","total","2018","2018",33828,,
"ITD3","Veneto","REDD_MEDIANO_FAM","annual median households income","1","including imputed rents","9","total","2018","2018",35357,,
"ITD4","Friuli-Venezia Giulia","REDD_MEDIANO_FAM","annual median households income","1","including imputed rents","9","total","2018","2018",33250,,
"ITD5","Emilia-Romagna","REDD_MEDIANO_FAM","annual median households income","1","including imputed rents","9","total","2018","2018",34484,,
"ITE1","Toscana","REDD_MEDIANO_FAM","annual median households income","1","including imputed rents","9","total","2018","2018",32892,,
"ITE2","Umbria","REDD_MEDIANO_FAM","annual median households income","1","including imputed rents","9","total","2018","2018",32420,,
"ITE3","Marche","REDD_MEDIANO_FAM","annual median households income","1","including imputed rents","9","total","2018","2018",31907,,
"ITE4","Lazio","REDD_MEDIANO_FAM","annual median households income","1","including imputed rents","9","total","2018","2018",32244,,
"ITF1","Abruzzo","REDD_MEDIANO_FAM","annual median households income","1","including imputed rents","9","total","2018","2018",31630,,
"ITF2","Molise","REDD_MEDIANO_FAM","annual median households income","1","including imputed rents","9","total","2018","2018",23605,,
"ITF3","Campania","REDD_MEDIANO_FAM","annual median households income","1","including imputed rents","9","total","2018","2018",24420,,
"ITF4","Puglia","REDD_MEDIANO_FAM","annual median households income","1","including imputed rents","9","total","2018","2018",26887,,
"ITF5","Basilicata","REDD_MEDIANO_FAM","annual median households income","1","including imputed rents","9","total","2018","2018",24700,,
"ITF6","Calabria","REDD_MEDIANO_FAM","annual median households income","1","including imputed rents","9","total","2018","2018",24476,,
"ITG1","Sicilia","REDD_MEDIANO_FAM","annual median households income","1","including imputed rents","9","total","2018","2018",24212,,
"ITG2","Sardegna","REDD_MEDIANO_FAM","annual median households income","1","including imputed rents","9","total","2018","2018",27727,,
